Coefficient,Intercept
0.05546477046955886,6.9748214882298925
